
{
  "header": {
    "reportVersion": 1,
    "event": "Allocation failed - JavaScript heap out of memory",
    "trigger": "FatalError",
    "filename": "report.20210910.001631.8012.0.001.json",
    "dumpEventTime": "2021-09-10T00:16:31Z",
    "dumpEventTimeStamp": "1631225791555",
    "processId": 8012,
    "cwd": "C:\\Users\\Windows HD\\Desktop\\APLIKACIJA\\03-back-end",
    "commandLine": [
      "C:\\Program Files\\nodejs\\node.exe",
      "-r",
      "C:/Users/WINDOW~1/AppData/Local/Temp/ts-node-dev-hook-6865008797186547.js",
      "--trace-warnings",
      "C:\\Users\\Windows HD\\Desktop\\APLIKACIJA\\03-back-end\\node_modules\\ts-node-dev\\lib\\wrap.js",
      "src/main.ts"
    ],
    "nodejsVersion": "v12.14.1",
    "wordSize": 64,
    "arch": "x64",
    "platform": "win32",
    "componentVersions": {
      "node": "12.14.1",
      "v8": "7.7.299.13-node.16",
      "uv": "1.33.1",
      "zlib": "1.2.11",
      "brotli": "1.0.7",
      "ares": "1.15.0",
      "modules": "72",
      "nghttp2": "1.40.0",
      "napi": "5",
      "llhttp": "2.0.1",
      "http_parser": "2.8.0",
      "openssl": "1.1.1d",
      "cldr": "35.1",
      "icu": "64.2",
      "tz": "2019c",
      "unicode": "12.1"
    },
    "release": {
      "name": "node",
      "lts": "Erbium",
      "headersUrl": "https://nodejs.org/download/release/v12.14.1/node-v12.14.1-headers.tar.gz",
      "sourceUrl": "https://nodejs.org/download/release/v12.14.1/node-v12.14.1.tar.gz",
      "libUrl": "https://nodejs.org/download/release/v12.14.1/win-x64/node.lib"
    },
    "osName": "Windows_NT",
    "osRelease": "6.1.7601",
    "osVersion": "Windows 7 Ultimate Service Pack 1",
    "osMachine": "x86_64",
    "cpus": [
      {
        "model": "Intel(R) Core(TM) i5 CPU       M 520  @ 2.40GHz",
        "speed": 2394,
        "user": 1878142,
        "nice": 0,
        "sys": 572960,
        "idle": 20140914,
        "irq": 16161
      },
      {
        "model": "Intel(R) Core(TM) i5 CPU       M 520  @ 2.40GHz",
        "speed": 2394,
        "user": 936786,
        "nice": 0,
        "sys": 363903,
        "idle": 21290735,
        "irq": 118139
      },
      {
        "model": "Intel(R) Core(TM) i5 CPU       M 520  @ 2.40GHz",
        "speed": 2394,
        "user": 2004737,
        "nice": 0,
        "sys": 658527,
        "idle": 19928035,
        "irq": 115581
      },
      {
        "model": "Intel(R) Core(TM) i5 CPU       M 520  @ 2.40GHz",
        "speed": 2394,
        "user": 614721,
        "nice": 0,
        "sys": 269928,
        "idle": 21706525,
        "irq": 113194
      }
    ],
    "networkInterfaces": [
      {
        "name": "Wireless Network Connection",
        "internal": false,
        "mac": "00:23:14:3f:f3:2c",
        "address": "fe80::8d79:1b10:b9da:45a0",
        "netmask": "ffff:ffff:ffff:ffff::",
        "family": "IPv6",
        "scopeid": 14
      },
      {
        "name": "Wireless Network Connection",
        "internal": false,
        "mac": "00:23:14:3f:f3:2c",
        "address": "192.168.0.29",
        "netmask": "255.255.255.0",
        "family": "IPv4"
      },
      {
        "name": "Loopback Pseudo-Interface 1",
        "internal": true,
        "mac": "00:00:00:00:00:00",
        "address": "::1",
        "netmask": "ffff:ffff:ffff:ffff:ffff:ffff:ffff:ffff",
        "family": "IPv6",
        "scopeid": 0
      },
      {
        "name": "Loopback Pseudo-Interface 1",
        "internal": true,
        "mac": "00:00:00:00:00:00",
        "address": "127.0.0.1",
        "netmask": "255.0.0.0",
        "family": "IPv4"
      }
    ],
    "host": "WindowsHD-PC"
  },
  "javascriptStack": {
    "message": "No stack.",
    "stack": [
      "Unavailable."
    ]
  },
  "nativeStack": [
    {
      "pc": "0x000000013fba1759",
      "symbol": "std::basic_ostream<char,std::char_traits<char> >::operator<<+10873"
    },
    {
      "pc": "0x000000013fba5b7c",
      "symbol": "std::basic_ostream<char,std::char_traits<char> >::operator<<+28316"
    },
    {
      "pc": "0x000000013fba4b38",
      "symbol": "std::basic_ostream<char,std::char_traits<char> >::operator<<+24152"
    },
    {
      "pc": "0x000000013fc9433b",
      "symbol": "v8::base::CPU::has_sse+37723"
    },
    {
      "pc": "0x0000000140498c5e",
      "symbol": "v8::Isolate::ReportExternalAllocationLimitReached+94"
    },
    {
      "pc": "0x0000000140480ca1",
      "symbol": "v8::SharedArrayBuffer::Externalize+833"
    },
    {
      "pc": "0x000000014034e56c",
      "symbol": "v8::internal::Heap::EphemeronKeyWriteBarrierFromCode+1436"
    },
    {
      "pc": "0x0000000140359910",
      "symbol": "v8::internal::Heap::ProtectUnprotectedMemoryChunks+1312"
    },
    {
      "pc": "0x0000000140356444",
      "symbol": "v8::internal::Heap::PageFlagsAreConsistent+3204"
    },
    {
      "pc": "0x000000014034bcd3",
      "symbol": "v8::internal::Heap::CollectGarbage+1283"
    },
    {
      "pc": "0x000000014034a4a4",
      "symbol": "v8::internal::Heap::AddRetainedMap+2356"
    },
    {
      "pc": "0x000000014036b775",
      "symbol": "v8::internal::Factory::NewFillerObject+53"
    },
    {
      "pc": "0x00000001400d7a49",
      "symbol": "v8::internal::interpreter::JumpTableTargetOffsets::iterator::operator=+4057"
    },
    {
      "pc": "0x00000001408c463d",
      "symbol": "v8::internal::SetupIsolateDelegate::SetupHeap+567949"
    },
    {
      "pc": "0x000001a879c4d34d",
      "symbol": ""
    }
  ],
  "javascriptHeap": {
    "totalMemory": 2077999104,
    "totalCommittedMemory": 2077999104,
    "usedMemory": 1915444456,
    "availableMemory": 61385920,
    "memoryLimit": 2090860544,
    "heapSpaces": {
      "read_only_space": {
        "memorySize": 262144,
        "committedMemory": 262144,
        "capacity": 261872,
        "used": 32296,
        "available": 229576
      },
      "new_space": {
        "memorySize": 33554432,
        "committedMemory": 33554432,
        "capacity": 16759808,
        "used": 2014728,
        "available": 14745080
      },
      "old_space": {
        "memorySize": 1734717440,
        "committedMemory": 1734717440,
        "capacity": 1718808112,
        "used": 1702221392,
        "available": 16586720
      },
      "code_space": {
        "memorySize": 688128,
        "committedMemory": 688128,
        "capacity": 651264,
        "used": 447968,
        "available": 203296
      },
      "map_space": {
        "memorySize": 293605376,
        "committedMemory": 293605376,
        "capacity": 195614240,
        "used": 195614240,
        "available": 0
      },
      "large_object_space": {
        "memorySize": 15122432,
        "committedMemory": 15122432,
        "capacity": 15110184,
        "used": 15110184,
        "available": 0
      },
      "code_large_object_space": {
        "memorySize": 49152,
        "committedMemory": 49152,
        "capacity": 3648,
        "used": 3648,
        "available": 0
      },
      "new_large_object_space": {
        "memorySize": 0,
        "committedMemory": 0,
        "capacity": 16759808,
        "used": 0,
        "available": 16759808
      }
    }
  },
  "resourceUsage": {
    "userCpuSeconds": 223.877,
    "kernelCpuSeconds": 31.403,
    "cpuConsumptionPercent": 95.2537,
    "maxRss": 2230575104,
    "pageFaults": {
      "IORequired": 638978,
      "IONotRequired": 0
    },
    "fsActivity": {
      "reads": 288,
      "writes": 179
    }
  },
  "libuv": [
  ],
  "environmentVariables": {
    "ALLUSERSPROFILE": "C:\\ProgramData",
    "APPDATA": "C:\\Users\\Windows HD\\AppData\\Roaming",
    "ChocolateyInstall": "C:\\ProgramData\\chocolatey",
    "ChocolateyLastPathUpdate": "132247636978161789",
    "CHROME_CRASHPAD_PIPE_NAME": "\\\\.\\pipe\\crashpad_4956_QOZLPRPQOYEGZROX",
    "COLORTERM": "truecolor",
    "CommonProgramFiles": "C:\\Program Files\\Common Files",
    "CommonProgramFiles(x86)": "C:\\Program Files (x86)\\Common Files",
    "CommonProgramW6432": "C:\\Program Files\\Common Files",
    "COMPUTERNAME": "WINDOWSHD-PC",
    "ComSpec": "C:\\Windows\\system32\\cmd.exe",
    "dp0": "C:\\Users\\Windows HD\\Desktop\\APLIKACIJA\\03-back-end\\node_modules\\.bin\\",
    "FP_NO_HOST_CHECK": "NO",
    "GIT_ASKPASS": "c:\\Program Files\\Microsoft VS Code\\resources\\app\\extensions\\git\\dist\\askpass.sh",
    "HOME": "C:\\Users\\Windows HD",
    "HOMEDRIVE": "C:",
    "HOMEPATH": "\\Users\\Windows HD",
    "INIT_CWD": "C:\\Users\\Windows HD\\Desktop\\APLIKACIJA\\03-back-end",
    "LANG": "en_US.UTF-8",
    "LOCALAPPDATA": "C:\\Users\\Windows HD\\AppData\\Local",
    "LOGONSERVER": "\\\\WINDOWSHD-PC",
    "NODE": "C:\\Program Files\\nodejs\\node.exe",
    "NODE_EXE": "C:\\Program Files\\nodejs\\\\node.exe",
    "NPM_CLI_JS": "C:\\Program Files\\nodejs\\\\node_modules\\npm\\bin\\npm-cli.js",
    "npm_config_access": "",
    "npm_config_allow_same_version": "",
    "npm_config_also": "",
    "npm_config_always_auth": "",
    "npm_config_argv": "{\"remain\":[],\"cooked\":[\"run\",\"start:dev\"],\"original\":[\"run\",\"start:dev\"]}",
    "npm_config_audit": "true",
    "npm_config_audit_level": "low",
    "npm_config_auth_type": "legacy",
    "npm_config_before": "",
    "npm_config_bin_links": "true",
    "npm_config_browser": "",
    "npm_config_ca": "",
    "npm_config_cache": "C:\\Users\\Windows HD\\AppData\\Roaming\\npm-cache",
    "npm_config_cache_lock_retries": "10",
    "npm_config_cache_lock_stale": "60000",
    "npm_config_cache_lock_wait": "10000",
    "npm_config_cache_max": "Infinity",
    "npm_config_cache_min": "10",
    "npm_config_cafile": "",
    "npm_config_cert": "",
    "npm_config_cidr": "",
    "npm_config_color": "true",
    "npm_config_commit_hooks": "true",
    "npm_config_depth": "Infinity",
    "npm_config_description": "true",
    "npm_config_dev": "",
    "npm_config_dry_run": "",
    "npm_config_editor": "notepad.exe",
    "npm_config_engine_strict": "",
    "npm_config_fetch_retries": "2",
    "npm_config_fetch_retry_factor": "10",
    "npm_config_fetch_retry_maxtimeout": "60000",
    "npm_config_fetch_retry_mintimeout": "10000",
    "npm_config_force": "",
    "npm_config_format_package_lock": "true",
    "npm_config_fund": "true",
    "npm_config_git": "git",
    "npm_config_git_tag_version": "true",
    "npm_config_global": "",
    "npm_config_globalconfig": "C:\\Users\\Windows HD\\AppData\\Roaming\\npm\\etc\\npmrc",
    "npm_config_globalignorefile": "C:\\Users\\Windows HD\\AppData\\Roaming\\npm\\etc\\npmignore",
    "npm_config_global_style": "",
    "npm_config_group": "",
    "npm_config_ham_it_up": "",
    "npm_config_heading": "npm",
    "npm_config_https_proxy": "",
    "npm_config_if_present": "",
    "npm_config_ignore_prepublish": "",
    "npm_config_ignore_scripts": "",
    "npm_config_init_author_email": "",
    "npm_config_init_author_name": "",
    "npm_config_init_author_url": "",
    "npm_config_init_license": "ISC",
    "npm_config_init_module": "C:\\Users\\Windows HD\\.npm-init.js",
    "npm_config_init_version": "1.0.0",
    "npm_config_json": "",
    "npm_config_key": "",
    "npm_config_legacy_bundling": "",
    "npm_config_link": "",
    "npm_config_local_address": "",
    "npm_config_loglevel": "notice",
    "npm_config_logs_max": "10",
    "npm_config_long": "",
    "npm_config_maxsockets": "50",
    "npm_config_message": "%s",
    "npm_config_metrics_registry": "https://registry.npmjs.org/",
    "npm_config_node_gyp": "C:\\Program Files\\nodejs\\node_modules\\npm\\node_modules\\node-gyp\\bin\\node-gyp.js",
    "npm_config_node_options": "",
    "npm_config_node_version": "12.14.1",
    "npm_config_noproxy": "",
    "npm_config_offline": "",
    "npm_config_onload_script": "",
    "npm_config_only": "",
    "npm_config_optional": "true",
    "npm_config_otp": "",
    "npm_config_package_lock": "true",
    "npm_config_package_lock_only": "",
    "npm_config_parseable": "",
    "npm_config_prefer_offline": "",
    "npm_config_prefer_online": "",
    "npm_config_prefix": "C:\\Users\\Windows HD\\AppData\\Roaming\\npm",
    "npm_config_preid": "",
    "npm_config_production": "",
    "npm_config_progress": "true",
    "npm_config_proxy": "",
    "npm_config_read_only": "",
    "npm_config_rebuild_bundle": "true",
    "npm_config_registry": "https://registry.npmjs.org/",
    "npm_config_rollback": "true",
    "npm_config_save": "true",
    "npm_config_save_bundle": "",
    "npm_config_save_dev": "",
    "npm_config_save_exact": "",
    "npm_config_save_optional": "",
    "npm_config_save_prefix": "^",
    "npm_config_save_prod": "",
    "npm_config_scope": "",
    "npm_config_scripts_prepend_node_path": "warn-only",
    "npm_config_script_shell": "",
    "npm_config_searchexclude": "",
    "npm_config_searchlimit": "20",
    "npm_config_searchopts": "",
    "npm_config_searchstaleness": "900",
    "npm_config_send_metrics": "",
    "npm_config_shell": "C:\\Windows\\system32\\cmd.exe",
    "npm_config_shrinkwrap": "true",
    "npm_config_sign_git_commit": "",
    "npm_config_sign_git_tag": "",
    "npm_config_sso_poll_frequency": "500",
    "npm_config_sso_type": "oauth",
    "npm_config_strict_ssl": "true",
    "npm_config_tag": "latest",
    "npm_config_tag_version_prefix": "v",
    "npm_config_timing": "",
    "npm_config_tmp": "C:\\Users\\WINDOW~1\\AppData\\Local\\Temp",
    "npm_config_umask": "0000",
    "npm_config_unicode": "",
    "npm_config_unsafe_perm": "true",
    "npm_config_update_notifier": "true",
    "npm_config_usage": "",
    "npm_config_user": "",
    "npm_config_userconfig": "C:\\Users\\Windows HD\\.npmrc",
    "npm_config_user_agent": "npm/6.13.4 node/v12.14.1 win32 x64",
    "npm_config_version": "",
    "npm_config_versions": "",
    "npm_config_viewer": "browser",
    "npm_execpath": "C:\\Program Files\\nodejs\\node_modules\\npm\\bin\\npm-cli.js",
    "npm_lifecycle_event": "start:dev",
    "npm_lifecycle_script": "ts-node-dev --trace-warnings --respawn -- src/main.ts",
    "npm_node_execpath": "C:\\Program Files\\nodejs\\node.exe",
    "npm_package_author_email": "masa.zeradjanin.17@singimail.rs",
    "npm_package_author_name": "Masa Zeradjanin",
    "npm_package_dependencies_cors": "^2.8.5",
    "npm_package_dependencies_express": "^4.17.1",
    "npm_package_dependencies_mysql2": "^2.3.0",
    "npm_package_description": "",
    "npm_package_devDependencies_eslint": "^7.32.0",
    "npm_package_devDependencies_rimraf": "^3.0.2",
    "npm_package_devDependencies_tsc": "^2.0.3",
    "npm_package_devDependencies_ts_node_dev": "^1.1.8",
    "npm_package_devDependencies_typescript": "^4.4.2",
    "npm_package_devDependencies__types_express": "^4.17.13",
    "npm_package_devDependencies__types_node": "^12.12.2",
    "npm_package_license": "ISC",
    "npm_package_main": "dist/main.js",
    "npm_package_name": "piivt-api",
    "npm_package_scripts_build": "npm run clean && tsc",
    "npm_package_scripts_clean": "rimraf dist",
    "npm_package_scripts_start": "npm run build && --trace-warnings node ./dist/main.js",
    "npm_package_scripts_start_dev": "ts-node-dev --trace-warnings --respawn -- src/main.ts",
    "npm_package_version": "0.1.0",
    "NPM_PREFIX_NPM_CLI_JS": "C:\\Users\\Windows HD\\AppData\\Roaming\\npm\\node_modules\\npm\\bin\\npm-cli.js",
    "NUMBER_OF_PROCESSORS": "4",
    "ORIGINAL_XDG_CURRENT_DESKTOP": "undefined",
    "OS": "Windows_NT",
    "Path": "C:\\Program Files\\nodejs\\node_modules\\npm\\node_modules\\npm-lifecycle\\node-gyp-bin;C:\\Users\\Windows HD\\Desktop\\APLIKACIJA\\03-back-end\\node_modules\\.bin;C:\\Program Files (x86)\\Common Files\\Oracle\\Java\\javapath;C:\\Python27\\;C:\\Python27\\Scripts;C:\\Windows\\system32;C:\\Windows;C:\\Windows\\System32\\Wbem;C:\\Windows\\System32\\WindowsPowerShell\\v1.0\\;C:\\Program Files\\Microsoft VS Code\\bin;C:\\Program Files\\nodejs\\;C:\\ProgramData\\chocolatey\\bin;C:\\Program Files\\Git\\cmd;C:\\Program Files\\Git\\bin\\;C:\\Program Files\\Git\\cmd\\;C:\\Users\\Windows HD\\AppData\\Roaming\\npm",
    "PATHEXT": ".COM;.EXE;.BAT;.CMD;.VBS;.VBE;.JSE;.WSF;.WSH;.MSC",
    "PROCESSOR_ARCHITECTURE": "AMD64",
    "PROCESSOR_IDENTIFIER": "Intel64 Family 6 Model 37 Stepping 2, GenuineIntel",
    "PROCESSOR_LEVEL": "6",
    "PROCESSOR_REVISION": "2502",
    "ProgramData": "C:\\ProgramData",
    "ProgramFiles": "C:\\Program Files",
    "ProgramFiles(x86)": "C:\\Program Files (x86)",
    "ProgramW6432": "C:\\Program Files",
    "PROMPT": "$P$G",
    "PSModulePath": "C:\\Windows\\system32\\WindowsPowerShell\\v1.0\\Modules\\",
    "PUBLIC": "C:\\Users\\Public",
    "SESSIONNAME": "Console",
    "SystemDrive": "C:",
    "SystemRoot": "C:\\Windows",
    "TEMP": "C:\\Users\\WINDOW~1\\AppData\\Local\\Temp",
    "TERM_PROGRAM": "vscode",
    "TERM_PROGRAM_VERSION": "1.52.1",
    "TMP": "C:\\Users\\WINDOW~1\\AppData\\Local\\Temp",
    "TS_NODE_DEV": "true",
    "USERDOMAIN": "WindowsHD-PC",
    "USERNAME": "Windows HD",
    "USERPROFILE": "C:\\Users\\Windows HD",
    "VSCODE_GIT_ASKPASS_MAIN": "c:\\Program Files\\Microsoft VS Code\\resources\\app\\extensions\\git\\dist\\askpass-main.js",
    "VSCODE_GIT_ASKPASS_NODE": "C:\\Program Files\\Microsoft VS Code\\Code.exe",
    "VSCODE_GIT_IPC_HANDLE": "\\\\.\\pipe\\vscode-git-aa42214af8-sock",
    "windir": "C:\\Windows",
    "windows_tracing_flags": "3",
    "windows_tracing_logfile": "C:\\BVTBin\\Tests\\installpackage\\csilogfile.log",
    "_prog": "node"
  },
  "sharedObjects": [
    "C:\\Program Files\\nodejs\\node.exe",
    "C:\\Windows\\SYSTEM32\\ntdll.dll",
    "C:\\Windows\\system32\\kernel32.dll",
    "C:\\Windows\\system32\\KERNELBASE.dll",
    "C:\\Windows\\system32\\dbghelp.dll",
    "C:\\Windows\\system32\\msvcrt.dll",
    "C:\\Windows\\system32\\WS2_32.dll",
    "C:\\Windows\\system32\\RPCRT4.dll",
    "C:\\Windows\\system32\\NSI.dll",
    "C:\\Windows\\system32\\ADVAPI32.dll",
    "C:\\Windows\\SYSTEM32\\sechost.dll",
    "C:\\Windows\\system32\\USER32.dll",
    "C:\\Windows\\system32\\GDI32.dll",
    "C:\\Windows\\system32\\LPK.dll",
    "C:\\Windows\\system32\\USP10.dll",
    "C:\\Windows\\system32\\IPHLPAPI.DLL",
    "C:\\Windows\\system32\\WINNSI.DLL",
    "C:\\Windows\\system32\\PSAPI.DLL",
    "C:\\Windows\\system32\\USERENV.dll",
    "C:\\Windows\\system32\\profapi.dll",
    "C:\\Windows\\system32\\CRYPT32.dll",
    "C:\\Windows\\system32\\MSASN1.dll",
    "C:\\Windows\\system32\\bcrypt.dll",
    "C:\\Windows\\system32\\WINMM.dll",
    "C:\\Windows\\system32\\IMM32.DLL",
    "C:\\Windows\\system32\\MSCTF.dll",
    "C:\\Windows\\system32\\powrprof.dll",
    "C:\\Windows\\system32\\SETUPAPI.dll",
    "C:\\Windows\\system32\\CFGMGR32.dll",
    "C:\\Windows\\system32\\OLEAUT32.dll",
    "C:\\Windows\\system32\\ole32.dll",
    "C:\\Windows\\system32\\DEVOBJ.dll",
    "C:\\Windows\\system32\\uxtheme.dll",
    "C:\\Windows\\system32\\mswsock.dll",
    "C:\\Windows\\System32\\wshtcpip.dll",
    "C:\\Windows\\System32\\wship6.dll",
    "C:\\Windows\\system32\\bcryptprimitives.dll",
    "C:\\Windows\\system32\\dhcpcsvc.DLL",
    "C:\\Windows\\system32\\dhcpcsvc6.DLL",
    "C:\\Windows\\system32\\NLAapi.dll",
    "C:\\Windows\\system32\\napinsp.dll",
    "C:\\Windows\\system32\\pnrpnsp.dll",
    "C:\\Windows\\system32\\DNSAPI.dll",
    "C:\\Windows\\System32\\winrnr.dll",
    "C:\\Windows\\system32\\wshbth.dll",
    "C:\\Windows\\system32\\cryptbase.dll",
    "C:\\Windows\\system32\\rasadhlp.dll",
    "C:\\Windows\\System32\\fwpuclnt.dll"
  ]
}